id,slug,city,state,country,healthcareIssue,description,background,policy,stakeholders,costs,metrics,timeline,proposalText,imageLink,authorName,authorEmail,authorInstitution,created_at
,rural-healthcare-raleigh,Raleigh,North Carolina,United States,Rural Healthcare Access Initiative,Implementing mobile clinics and telehealth solutions to improve healthcare access in rural communities through evidence-based approaches.,Rural areas in North Carolina face significant healthcare disparities including provider shortages and transportation barriers. Many residents travel over 45 minutes to reach basic care services.,This proposal creates a network of 15 mobile health clinics and establishes telehealth stations in 30 community centers across rural counties. Each unit will be staffed by nurse practitioners and equipped with diagnostic tools.,Rural communities of North Carolina. Healthcare providers. State health departments. Telehealth companies. Insurance providers.,$2.3M initial investment for vehicle acquisition and telehealth equipment with $500K annual operating costs. Grant funding will be sought from state and federal rural health programs.,30% increase in preventative care visits within 12 months. 25% reduction in ER visits for preventable conditions. Reach 45,000 underserved residents annually. 90% patient satisfaction rating.,3 months for community assessment. 3 months for equipment procurement. 6 months for staff hiring and training. Operational within 12 months of funding approval.,"The Rural Healthcare Access Initiative addresses the critical shortage of healthcare providers in rural North Carolina by deploying mobile clinics and telehealth infrastructure. These services will focus on preventative care, chronic disease management, and basic diagnostic services to reduce the burden on distant emergency departments. By bringing care directly to underserved communities, we can improve health outcomes, reduce costs, and provide dignified care to all residents regardless of location.",https://images.unsplash.com/photo-1532938911079-1b06ac7ceec7,Dr. Sarah Johnson,sarah.johnson@healthcare.org,University of North Carolina Health,2023-11-01T08:30:00Z
,maternal-health-chicago,Chicago,Illinois,United States,Expanding Maternal Health Services in Urban Centers,A comprehensive approach to improve prenatal care access and reduce maternal mortality rates in underserved urban neighborhoods.,Maternal mortality rates in Chicago disproportionately affect minority communities due to care access barriers. Some neighborhoods have infant mortality rates three times the national average.,Establish five neighborhood-based maternal health centers with integrated social services and doula programs. Centers will offer prenatal care on a sliding fee scale and provide comprehensive wrap-around services.,Expectant mothers. Community health workers. Hospitals. Social service agencies. Midwives and doulas. Insurance providers. Faith-based organizations.,$3.8M initial investment for facility renovation and equipment with $1.2M annual operating costs. Public-private partnership model with hospital systems and foundation support.,50% increase in first-trimester care initiation. 40% reduction in maternal complications. 30% reduction in NICU admissions. Create 45 new community health worker jobs.,3 months for site selection. 6 months for facility preparation. 3 months for staff recruitment. Operational within 12 months.,"The Expanding Maternal Health Services proposal addresses the unacceptably high rates of maternal mortality and morbidity in Chicago's underserved communities. By establishing neighborhood-based maternal health centers staffed by culturally competent providers, we will eliminate transportation barriers and provide comprehensive care throughout pregnancy and postpartum periods. The integrated social services model addresses social determinants of health including nutrition, housing stability, and mental health support.",https://images.unsplash.com/photo-1591343395082-e120087004b4,Dr. Michael Chen,m.chen@chicago-health.org,Chicago Department of Public Health,2023-11-05T14:20:00Z
,mental-health-integration-san-francisco,San Francisco,California,United States,Mental Health Integration in Primary Care,A model for integrating mental health services into primary care settings to improve access and reduce stigma.,Despite high rates of mental health conditions in urban areas, only 43% of individuals with diagnosable mental health issues receive treatment. Stigma and access barriers prevent care-seeking.,Integrate behavioral health specialists into 12 primary care clinics throughout San Francisco, focusing on screening, brief intervention, and referral to treatment (SBIRT) model. Electronic health records will be enhanced to support mental health monitoring.,Primary care providers. Mental health professionals. Patients. Insurance providers. Electronic health record vendors. Community mental health organizations.,$1.7M for initial implementation including training and EHR modifications with $900K annual costs for behavioral health providers. Cost savings anticipated through reduced ER visits.,30% increase in mental health screening rates. 25% reduction in emergency psychiatric services. 40% improvement in depression outcomes. Increased provider confidence in addressing mental health needs.,2 months for protocol development. 4 months for EHR integration. 3 months for provider training. Phased implementation over 9 months.,"This Mental Health Integration proposal addresses the significant treatment gap for mental health conditions by making screening and intervention part of routine primary care. By embedding behavioral health specialists within primary care practices, we normalize mental healthcare and catch issues before they become crises. The program includes provider training on trauma-informed care approaches and establishes warm handoff protocols for severe cases requiring specialized treatment.",https://images.unsplash.com/photo-1527607976958-7cbb4a6d0131,Dr. Anita Patel,anita.patel@sf-health.org,San Francisco Department of Public Health,2023-11-12T09:15:00Z
,pediatric-preventive-houston,Houston,Texas,United States,Pediatric Preventive Care Enhancement Program,An initiative to increase vaccination rates and well-child visits through community outreach and education in underserved areas.,Vaccination rates in certain Houston neighborhoods are below 70%, placing children at risk for preventable diseases. Transportation and parental work schedules are primary barriers to accessing care.,Implement mobile vaccination clinics at schools and community centers, extended evening/weekend hours at existing clinics, and a comprehensive education campaign in multiple languages. Digital reminder system will track due dates for vaccinations.,Children and families. Schools. Pediatricians and nurses. Public health officials. Community centers. Faith organizations. Vaccine manufacturers.,$2.1M implementation costs for mobile units and technology platform with $750K annual operations. Partially offset by increased insurance reimbursements for preventive care.,85% vaccination rate across all targeted neighborhoods. 30% increase in well-child visits. 20% reduction in preventable pediatric hospitalizations. 95% parent satisfaction with services.,2 months for community mapping. 3 months for mobile unit procurement. 1 month for staff training. Full implementation within 6 months.,"The Pediatric Preventive Care Enhancement Program addresses alarming gaps in childhood vaccination and preventive care in Houston's underserved neighborhoods. By bringing services directly to where children live and learn, we remove transportation and scheduling barriers that prevent families from accessing care. The program includes culturally appropriate education materials in multiple languages and leverages trusted community organizations to build confidence in vaccination and preventive health measures.",https://images.unsplash.com/photo-1590105577767-e21a1067899f,Dr. James Rodriguez,j.rodriguez@texaschildrens.org,Texas Children's Hospital,2023-11-18T11:45:00Z
,rural-emergency-services-montana,Helena,Montana,United States,Rural Emergency Services Expansion,A strategy to improve emergency medical response times in rural Montana through strategic resource allocation and community training.,Rural Montana communities face emergency response times averaging 25 minutes, far exceeding the critical 8-minute window for cardiac events and trauma. Geographic isolation and limited resources contribute to this disparity.,Establish five strategically located emergency response hubs with advanced life support capabilities, train and equip 200 community members in basic life support, and implement a satellite-based dispatch system for remote areas.,Rural residents. Emergency medical technicians. Volunteer fire departments. Hospitals. County governments. Telecommunications providers.,$3.4M for infrastructure and equipment with $1.1M annual operational costs. Combination of county funds, federal grants, and hospital system investments.,40% reduction in emergency response times. 25% improvement in survival rates for time-sensitive conditions. 200 community members trained in basic life support. 90% coverage of previously underserved areas.,3 months for site selection. 6 months for facility preparation. 3 months for equipment installation. Ongoing training program over 24 months.,"The Rural Emergency Services Expansion addresses the life-threatening gap in emergency medical services across rural Montana. By strategically placing response hubs with advanced capabilities and equipment, we can dramatically reduce response times and improve outcomes for strokes, heart attacks, and traumatic injuries. The community training component creates a network of first responders who can initiate life-saving measures while awaiting professional assistance, creating a sustainable system of care for isolated communities.",https://images.unsplash.com/photo-1516893842880-5d8c383f4010,Dr. Emma Clarke,e.clarke@montana-health.org,Montana Rural Health Association,2023-11-25T16:30:00Z
,urban-health-equity-nyc,New York City,New York,United States,Urban Health Equity Initiative,A comprehensive approach to addressing health disparities in urban environments through targeted interventions and community engagement.,Health outcomes in New York City vary dramatically by zip code, with life expectancy differences of up to 10 years between affluent and disadvantaged neighborhoods. Social determinants drive these inequities.,Implement a multi-sector approach including: 1) neighborhood health hubs in 10 high-need communities, 2) a health equity data dashboard for resource targeting, 3) a community health worker program, and 4) policy advocacy for structural changes.,Urban residents in disadvantaged neighborhoods. Community organizations. Healthcare providers. Housing agencies. Food access programs. City government. Academic institutions.,$4.6M initial implementation with $2.2M annual operations. Funding from city health department, foundation grants, and healthcare system community benefit funds.,Reduce life expectancy gap by 25% within 5 years. Improve access to primary care services by 40%. 30% reduction in preventable hospitalizations. 50% increase in fresh food access points in food deserts.,3 months for data analysis and site selection. 6 months for hub development. 12 months for community health worker training and deployment. Full system operational within 24 months.,"The Urban Health Equity Initiative addresses the profound health disparities between neighborhoods in New York City through a comprehensive approach that tackles social determinants of health. By establishing neighborhood health hubs that integrate clinical services with social supports, we create access points for comprehensive care. The initiative's data system tracks disparities in real-time, allowing for nimble resource allocation and measurement of impact. Community health workers drawn from the neighborhoods they serve act as bridges between formal systems and residents.",https://images.unsplash.com/photo-1606676539940-12768ce0e762,Dr. Jamal Washington,j.washington@nychealthequity.org,NYC Department of Health and Mental Hygiene,2023-12-01T10:00:00Z
,community-health-worker-ghana,Accra,Greater Accra,Ghana,Community Health Worker Expansion,Scaling up the community health worker program to improve primary care access in rural regions throughout Ghana.,Rural areas in Ghana face severe shortages of healthcare providers, with a doctor-to-population ratio of 1:8,000 compared to the WHO recommendation of 1:1,000. Many communities have no access to medical professionals.,Train and deploy 5,000 new community health workers equipped with digital diagnostic tools and mobile technology to extend healthcare reach. Workers will provide preventive services, basic treatment, and referrals.,Rural communities. Ministry of Health. International development partners. Mobile technology providers. Medical training institutions. Local governments.,$2.9M for training program and $4.2M annual for salaries and equipment. World Bank funding secured for initial phase with government commitment for sustainability.,90% of villages with resident health worker within 3 years. 60% increase in childhood vaccination rates. 40% reduction in maternal mortality. 75% increase in chronic disease monitoring.,6 months for curriculum development and recruitment. 3 months for initial training cohort. 24 months for full deployment. Ongoing training and supervision systems.,"The Community Health Worker Expansion program addresses the critical shortage of healthcare providers in rural Ghana by creating a network of trained local residents who can deliver basic healthcare services. Using mobile technology and standardized protocols, these workers will provide preventive care, health education, and basic treatments for common conditions. The program incorporates a "hub and spoke" model where community health workers connect to regional clinics for support and referrals, creating a comprehensive system of care that reaches the most isolated communities.",https://images.unsplash.com/photo-1571624436279-b272aff752b5,Dr. Kwame Nkrumah,k.nkrumah@ghanahealthservice.org,Ghana Health Service,2023-12-05T08:45:00Z
,amazon-healthcare-network,Manaus,Amazonas,Brazil,Amazon Region Healthcare Network,Creating a sustainable healthcare network for remote communities in the Amazon rainforest.,Indigenous and remote communities in the Amazon have limited access to healthcare, resulting in preventable health disparities. Some communities require multi-day boat journeys to reach medical facilities.,Establish a network of 25 river-mobile clinics equipped with telehealth capabilities and train 200 indigenous community health workers. Solar power will enable diagnostic equipment and electronic health records in remote areas.,Indigenous communities. Environmental NGOs. Federal and state health agencies. Telehealth providers. Pharmaceutical companies. University researchers.,$6.5M initial implementation and $2.2M annual operations. Funding from Brazilian government, international aid organizations, and corporate partnerships.,80% of remote communities with regular healthcare access within 3 years. 45% reduction in preventable diseases. 60% improvement in maternal and child health outcomes. Create digital health records for 100,000 previously undocumented residents.,8 months for community consultation and planning. 12 months for first phase deployment. 18 months for full system implementation. Continuous improvement cycle with quarterly evaluations.,"The Amazon Region Healthcare Network creates a sustainable system of healthcare delivery for remote and indigenous communities in the Brazilian Amazon. Using river-mobile clinics equipped with telehealth technology, we can bring regular medical care to communities previously isolated from the healthcare system. The program respects and incorporates traditional healing practices while providing access to modern medical care. By training indigenous community health workers, we ensure culturally appropriate care and create sustainable employment within communities.",https://images.unsplash.com/photo-1594498653385-d5172c532c00,Dr. Luis Alvarez,l.alvarez@saude.gov.br,Brazilian Ministry of Health,2023-12-10T14:20:00Z
,maternal-tech-dakar,Dakar,Dakar Region,Senegal,Maternal Health Technology Initiative,Using mobile technology to improve maternal health outcomes through better prenatal monitoring and education.,Senegal's maternal mortality rate remains high at 315 per 100,000 live births, with rural areas facing rates up to three times higher due to limited access to care and health information.,Deploy a network of community health workers equipped with mobile diagnostic tools and a custom maternal health app. The system will track pregnancies, provide timely reminders, and flag high-risk cases for intervention.,Pregnant women. Community health workers. Mobile network operators. Local midwives. District health officials. International health partners.,$1.8M for technology development and initial deployment with $900K annual implementation costs. Funding secured from USAID and Gates Foundation.,60% increase in prenatal visits. 35% reduction in maternal mortality over 5 years. 50% reduction in preventable newborn deaths. 90% of pregnancies registered in digital tracking system.,4 months for technology development. 3 months for health worker training. 6 months for initial deployment. Nationwide implementation within 12 months.,"The Maternal Health Technology Initiative leverages Senegal's high mobile phone penetration rate to create a digital safety net for pregnant women in rural areas. Community health workers equipped with smartphone diagnostic tools can perform basic exams and upload data to a central system that identifies high-risk pregnancies. The accompanying mobile app provides expectant mothers with stage-appropriate health information and reminders in local languages. The system creates a continuum of care from pregnancy detection through postnatal follow-up, significantly reducing the risk of complications going undetected.",https://images.unsplash.com/photo-1584515979956-d9f6e5d99b74,Dr. Amina Diallo,a.diallo@health.gov.sn,Senegal Ministry of Health,2023-12-15T11:30:00Z
,urban-mental-health-shanghai,Shanghai,Shanghai Municipality,China,Urban Mental Health Initiative,Addressing rising mental health concerns in urban populations through community-based intervention programs.,China's rapid urbanization has contributed to increasing mental health issues, with studies suggesting up to 30% of urban residents experience symptoms of depression or anxiety. Stigma prevents many from seeking help.,Integrate mental health screening and services into 50 community health centers with digital support tools. Train primary care providers in mental health first aid and establish anonymous consultation channels to reduce stigma.,Urban residents. Employers. Community health centers. Mental health specialists. Social media platforms. University researchers. City health authorities.,$3.2M program development with $1.7M annual implementation. Funding from municipal government and corporate social responsibility programs.,40% increase in early intervention for mental health issues. 30% reduction in workplace absenteeism due to mental health. 50% increase in treatment-seeking for depression and anxiety. 25% reduction in suicide rates.,6 months for provider training curriculum development. 6 months for screening protocol implementation. 12 months for phased implementation across districts. Full program evaluation after 24 months.,"The Urban Mental Health Initiative addresses the growing mental health crisis in Shanghai's fast-paced urban environment by making mental health services accessible, anonymous, and integrated into primary care. By training community health center doctors to screen for and address common mental health conditions, we normalize mental healthcare and catch issues before they become debilitating. The digital platform component allows residents to access initial assessment and resources anonymously, reducing the barrier of stigma. The workplace program engages employers in creating mentally healthy work environments.",https://images.unsplash.com/photo-1518310952931-b1de897abd40,Dr. Mei Lin,m.lin@pubhealth.cn,Shanghai Public Health Bureau,2023-12-20T09:15:00Z 